smiles,active,value
C0,inactive,2.2277295654513196
C1,inactive,-1.1428090843446645
C2,inactive,1.2551508721568512
C3,inactive,0.783227390081182
C4,inactive,-0.503053382484021
C5,inactive,-0.06664677784535657
C6,inactive,0.7426561498965961
C7,inactive,0.7861263808098232
C8,inactive,0.9213702828109797
C9,inactive,1.570077685899584
C10,inactive,0.16026778429043187
C11,inactive,0.25222813957174334
C12,inactive,0.3128267747017292
C13,inactive,0.4385000373916783
C14,inactive,-0.7055380284457716
C15,inactive,-0.7342071669242279
C16,inactive,1.1913838810491095
C17,inactive,0.3808808892122801
C18,inactive,-1.2806990267628575
C19,inactive,-0.49077212045162766
C20,inactive,1.0061321219879258
C21,inactive,0.06664336092642248
C22,inactive,1.1712902262001261
C23,inactive,0.24110335017471787
C24,inactive,-0.45384745090212036
C25,inactive,0.4519449116605752
C26,inactive,-2.7441599652460535
C27,inactive,-1.545127843112652
C28,inactive,1.6255725409593926
C29,inactive,1.2497143943597087
C30,inactive,0.33325164576320176
C31,inactive,1.9763126096984192
C32,inactive,1.22065436123291
C33,inactive,0.027549163338794785
C34,inactive,1.5958420332200234
C35,inactive,-0.36351136642969034
C36,inactive,-0.22653662546817654
C37,inactive,0.36977201863019726
C38,inactive,0.8802089887846984
C39,inactive,2.0984047656509355
C40,inactive,0.3148806374025903
C41,inactive,0.26918588983540936
C42,inactive,-0.9148632964325146
C43,inactive,1.7007486705275021
C44,inactive,-0.05723540777554245
C45,inactive,-0.49816206078259634
C46,inactive,0.27851497979487444
C47,inactive,0.2603450320762801
C48,inactive,0.10933310068511791
C49,inactive,-1.2301246457419632
C50,inactive,-0.6507158731765004
C51,inactive,0.7302901874534854
C52,inactive,-0.18846096700761777
C53,inactive,-0.00033350079543102533
C54,inactive,0.7569441618529922
C55,inactive,0.7131319837736788
C56,inactive,-1.0581792920345887
C57,inactive,-1.350908216754345
C58,inactive,0.1324153874623192
C59,inactive,1.0246831821979372
C60,inactive,2.702780014869761
C61,inactive,1.9637496205516973
C62,inactive,-0.3904768761290929
C63,inactive,0.22223035893328583
C64,inactive,0.4227895891986902
C65,inactive,-0.08716425723647342
C66,inactive,1.296873860307042
C67,inactive,-0.9203319949911647
C68,inactive,-0.43660054054262704
C69,inactive,-1.7244104837521097
C70,inactive,-0.5404757945041868
C71,inactive,-0.5289649565834166
C72,inactive,0.6339109839992806
C73,inactive,-0.49925350245526834
C74,inactive,0.3806433414161587
C75,inactive,-0.7007899927074838
C76,inactive,-0.912828337119315
C77,inactive,-1.1599286973739418
C78,inactive,2.5229477586657225
C79,inactive,-1.089142928800316
C80,inactive,1.848342157201293
C81,inactive,-0.5391970680343909
C82,inactive,0.9611217819237268
C83,inactive,1.2003213196404297
C84,inactive,1.052542521251029
C85,inactive,1.392625137455772
C86,inactive,1.209523472391366
C87,inactive,0.21107979100790658
C88,inactive,-0.8120976802732606
C89,inactive,-1.1144212660168247
C90,inactive,-0.4692484738566808
C91,inactive,0.13975848967340815
C92,inactive,-1.2210062936732275
C93,inactive,-0.1997189117400886
C94,inactive,0.12626358741708
C95,inactive,-1.311019268979513
C96,inactive,1.7202229960077833
C97,inactive,0.012755420251909325
C98,inactive,-1.539959445848902
C99,inactive,1.5689211642734389
C100,inactive,-1.1115675224584183
C101,inactive,0.31956339401343875
C102,inactive,-1.4585003846720408
C103,inactive,0.30002808950273047
C104,inactive,-1.3349191187055598
C105,inactive,0.11184056344885575
C106,inactive,0.39669265881733345
C107,inactive,0.2588757252102908
C108,inactive,-0.9597873171752125
C109,inactive,0.8331213794451042
C110,inactive,0.595952189075274
C111,inactive,0.4607436930363768
C112,inactive,0.7344636129862855
C113,inactive,-1.2972711927595055
C114,inactive,-0.4383221971893662
C115,inactive,-0.804063360148704
C116,inactive,-0.1384419655297775
C117,inactive,-0.21987071587532242
C118,inactive,-1.1599348820967184
C119,inactive,0.27258935373937787
C120,inactive,1.160993920512645
C121,inactive,-2.1620132010026794
C122,inactive,0.8295469347380103
C123,inactive,0.003233403250045541
C124,inactive,0.6167149653463782
C125,inactive,1.262066572792912
C126,inactive,0.7554383979702788
C127,inactive,0.28284639204309125
C128,inactive,0.6420278114470165
C129,inactive,0.16286457146456895
C130,inactive,-0.27005590853515116
C131,inactive,0.8430829484839133
C132,inactive,-0.45954212926070204
C133,inactive,-1.428331047668159
C134,inactive,-2.5211932318040886
C135,inactive,-1.0046180129858988
C136,inactive,-0.6889662407519798
C137,inactive,-0.12374829231692099
C138,inactive,-0.41597801183345434
C139,inactive,0.07607030437608286
C140,inactive,-0.019943482662846686
C141,inactive,1.202531113392186
C142,inactive,0.6387306207640322
C143,inactive,-0.09037882825381217
C144,inactive,1.611572152596536
C145,inactive,0.33001789294204303
C146,inactive,-1.6434979838970798
C147,inactive,-1.0352394480108529
C148,inactive,1.1615290937802965
C149,inactive,0.8515998298125931
C150,inactive,0.10673864316472097
C151,inactive,0.8650468296308294
C152,inactive,-0.21212235147575037
C153,inactive,0.8739572055162005
C154,inactive,-0.05226680510893256
C155,inactive,-0.10440492417242177
C156,inactive,-2.2530496252369607
C157,inactive,-0.16331103395985314
C158,inactive,-0.5306767091293478
C159,inactive,0.11137675880435569
C160,active,-2.297133860210684
C161,active,-0.3307166037760055
C162,active,0.7356787456345251
C163,active,0.43593625628293314
C164,active,-1.2335978739897275
C165,active,-0.6028116750333677
C166,active,0.06755235692162084
C167,active,0.1419853774149183
C168,active,-0.9599069862462924
C169,active,-0.7813825843617939
C170,active,2.148319776816091
C171,active,0.2889101244433584
C172,active,0.10108568744438316
C173,active,-0.49577940044062285
C174,active,-0.3411249725431209
C175,active,0.09551770124564554
C176,active,-0.6330421753331203
C177,active,-1.505311620017544
C178,active,-0.17780481290223546
C179,active,-0.08361602893963928
C180,active,0.3877270557934674
C181,active,-0.8979805631650132
C182,active,0.7466296974542652
C183,active,1.8480143400129965
C184,active,-0.17711020601179267
C185,active,1.7147164866943891
C186,active,-0.8275077132883563
C187,active,0.8171399456876204
C188,active,-0.3732021376129139
C189,active,-0.6052085840690825
C190,active,-0.23104066504349352
C191,active,0.7104966856389191
C192,active,2.3614972703222517
C193,active,0.9637993014419234
C194,active,1.6663667129491904
C195,active,-1.166167305679842
C196,active,0.2062043019595522
C197,active,-0.44231138161363526
C198,active,-0.3626104591747304
C199,active,-1.7319611721382153
